,player,span,Mat,Inns,Balls,Mdns,Runs,Wickets,Avg,SR,ecnomy,BBI,5,10,ST,CT,Country
0,KJ Abbott,2015-2015,4,4,186,1,130,9,14.44,20.6,4.19,4/21,-,-,-,1,South Africa
1,Afsar Zazai,2015-2015,6,-,0,-,-,-,-,-,-,-,-,-,-,7,Afghanistan
2,Aftab Alam,2015-2015,1,1,54,-,55,2,27.50,27.0,6.11,2/55,-,-,-,-,Afghanistan
3,Ahmed Shehzad,2015-2015,7,-,0,-,-,-,-,-,-,-,-,-,-,2,Pakistan
4,MM Ali,2015-2015,5,4,228,-,201,4,50.25,57.0,5.28,2/47,-,-,-,-,England
5,Amjad Ali,2015-2015,6,-,0,-,-,-,-,-,-,-,-,-,-,3,United Arab Emirates
6,Amjad Javed,2015-2015,6,6,288,-,313,7,44.71,41.1,6.52,3/60,-,-,-,3,United Arab Emirates
7,Anamul Haque,2015-2015,3,-,0,-,-,-,-,-,-,-,-,-,-,1,Bangladesh
8,JM Anderson,2015-2015,6,6,276,1,245,5,49.00,55.2,5.32,2/30,-,-,-,1,England
9,Arafat Sunny,2015-2015,1,1,48,-,42,-,-,-,5.25,-,-,-,-,-,Bangladesh
10,Asghar Afghan,2015-2015,5,1,5,-,6,-,-,-,7.20,-,-,-,-,-,Afghanistan
11,GJ Bailey,2015-2015,1,-,0,-,-,-,-,-,-,-,-,-,-,1,Australia
12,A Balbirnie,2015-2015,6,-,0,-,-,-,-,-,-,-,-,-,-,-,Ireland
13,GS Ballance,2015-2015,4,-,0,-,-,-,-,-,-,-,-,-,-,1,England
14,F Behardien,2015-2015,4,3,66,1,64,-,-,-,5.81,-,-,-,-,1,South Africa
15,IR Bell,2015-2015,6,-,0,-,-,-,-,-,-,-,-,-,-,-,England
16,SJ Benn,2015-2015,3,3,174,1,184,2,92.00,87.0,6.34,2/39,-,-,-,2,West Indies
17,AR Berenger,2015-2015,6,-,0,-,-,-,-,-,-,-,-,-,-,1,United Arab Emirates
18,RD Berrington,2015-2015,6,4,139,-,132,7,18.85,19.8,5.69,4/40,-,-,-,-,Scotland
19,RS Bopara,2015-2015,1,1,48,1,31,2,15.50,24.0,3.87,2/31,-,-,-,1,England
20,DM Bravo,2015-2015,2,-,0,-,-,-,-,-,-,-,-,-,-,2,West Indies
21,SCJ Broad,2015-2015,6,6,284,2,254,4,63.50,71.0,5.36,2/66,-,-,-,2,England
22,JC Buttler,2015-2015,6,-,0,-,-,-,-,-,-,-,-,-,-,8,England
23,JL Carter,2015-2015,5,-,0,-,-,-,-,-,-,-,-,-,-,-,West Indies
24,RW Chakabva,2015-2015,4,-,0,-,-,-,-,-,-,-,-,-,-,3,Zimbabwe
25,PVD Chameera,2015-2015,2,2,55,-,80,3,26.66,18.3,8.72,3/51,-,-,-,-,Sri Lanka
26,LD Chandimal,2015-2015,3,-,0,-,-,-,-,-,-,-,-,-,-,1,Sri Lanka
27,J Charles,2015-2015,2,-,0,-,-,-,-,-,-,-,-,-,-,-,West Indies
28,TL Chatara,2015-2015,6,6,358,5,342,10,34.20,35.8,5.73,3/35,-,-,-,-,Zimbabwe
29,CJ Chibhabha,2015-2015,4,-,0,-,-,-,-,-,-,-,-,-,-,-,Zimbabwe
30,E Chigumbura,2015-2015,4,4,78,-,93,1,93.00,78.0,7.15,1/30,-,-,-,2,Zimbabwe
31,KJ Coetzer,2015-2015,6,2,47,-,58,-,-,-,7.40,-,-,-,-,1,Scotland
32,FRJ Coleman,2015-2015,3,-,0,-,-,-,-,-,-,-,-,-,-,5,Scotland
33,MH Cross,2015-2015,6,-,0,-,-,-,-,-,-,-,-,-,1,9,Scotland
34,PJ Cummins,2015-2015,2,2,79,1,80,5,16.00,15.8,6.07,3/42,-,-,-,2,Australia
35,AR Cusack,2015-2015,4,4,225,3,172,7,24.57,32.1,4.58,4/32,-,-,-,2,Ireland
36,JH Davey,2015-2015,6,6,300,2,311,15,20.73,20.0,6.22,4/68,-,-,-,2,Scotland
37,Dawlat Zadran,2015-2015,5,5,246,2,248,6,41.33,41.0,6.04,3/29,-,-,-,-,Afghanistan
38,TM Dilshan,2015-2015,7,6,200,-,163,5,32.60,40.0,4.89,2/35,-,-,-,3,Sri Lanka
39,GH Dockrell,2015-2015,6,6,288,-,288,5,57.60,57.6,6.00,3/50,-,-,-,2,Ireland
40,XJ Doherty,2015-2015,1,1,42,-,60,-,-,-,8.57,-,-,-,-,2,Australia
41,Ehsan Adil,2015-2015,2,2,72,-,62,2,31.00,36.0,5.16,1/31,-,-,-,-,Pakistan
42,CR Ervine,2015-2015,6,-,0,-,-,-,-,-,-,-,-,-,-,5,Zimbabwe
43,AC Evans,2015-2015,4,4,240,3,215,6,35.83,40.0,5.37,2/30,-,-,-,-,Scotland
44,Fahad Alhashmi,2015-2015,1,1,44,-,45,-,-,-,6.13,-,-,-,-,-,United Arab Emirates
45,ST Finn,2015-2015,4,4,174,3,200,8,25.00,21.7,6.89,5/71,1,-,-,-,England
46,HJW Gardiner,2015-2015,3,-,0,-,-,-,-,-,-,-,-,-,-,1,Scotland
47,CH Gayle,2015-2015,6,3,108,-,97,5,19.40,21.6,5.38,2/21,-,-,-,5,West Indies
48,Gulbadin Naib,2015-2015,1,1,54,-,53,1,53.00,54.0,5.88,1/53,-,-,-,1,Afghanistan
49,AM Guruge,2015-2015,4,4,171,2,136,7,19.42,24.4,4.77,4/56,-,-,-,-,United Arab Emirates
50,AD Hales,2015-2015,2,-,0,-,-,-,-,-,-,-,-,-,-,-,England
51,Hamid Hassan,2015-2015,6,6,306,2,261,8,32.62,38.2,5.11,3/45,-,-,-,1,Afghanistan
52,RM Haq,2015-2015,4,4,204,-,166,3,55.33,68.0,4.88,1/21,-,-,-,2,Scotland
53,Haris Sohail,2015-2015,6,5,126,-,133,3,44.33,42.0,6.33,2/62,-,-,-,4,Pakistan
54,HMRKB Herath,2015-2015,4,4,209,-,156,3,52.00,69.6,4.47,1/35,-,-,-,3,Sri Lanka
55,JO Holder,2015-2015,7,7,348,6,351,9,39.00,38.6,6.05,4/27,-,-,-,3,West Indies
56,Imrul Kayes,2015-2015,3,-,0,-,-,-,-,-,-,-,-,-,-,1,Bangladesh
57,Javed Ahmadi,2015-2015,6,3,59,-,58,-,-,-,5.89,-,-,-,-,-,Afghanistan
58,DPMD Jayawardene,2015-2015,7,-,0,-,-,-,-,-,-,-,-,-,-,1,Sri Lanka
59,CJ Jordan,2015-2015,2,2,98,2,72,4,18.00,24.5,4.40,2/13,-,-,-,2,England
60,EC Joyce,2015-2015,6,-,0,-,-,-,-,-,-,-,-,-,-,3,Ireland
61,Kamran Shazad,2015-2015,1,1,48,-,59,1,59.00,48.0,7.37,1/59,-,-,-,-,United Arab Emirates
62,TP Kamungozi,2015-2015,3,3,126,-,124,1,124.00,126.0,5.90,1/34,-,-,-,-,Zimbabwe
63,FDM Karunaratne,2015-2015,4,-,0,-,-,-,-,-,-,-,-,-,-,1,Sri Lanka
64,PHT Kaushal,2015-2015,1,1,36,-,25,-,-,-,4.16,-,-,-,-,-,Sri Lanka
65,Khurram Khan,2015-2015,6,2,42,-,52,-,-,-,7.42,-,-,-,-,1,United Arab Emirates
66,Krishna Chandran,2015-2015,5,4,150,-,177,1,177.00,150.0,7.08,1/59,-,-,-,3,United Arab Emirates
67,KMDN Kulasekara,2015-2015,3,3,96,-,111,4,27.75,24.0,6.93,3/20,-,-,-,2,Sri Lanka
68,B Kumar,2015-2015,1,1,30,-,19,1,19.00,30.0,3.80,1/19,-,-,-,-,India
69,RAS Lakmal,2015-2015,4,4,214,1,218,7,31.14,30.5,6.11,2/36,-,-,-,3,Sri Lanka
70,MA Leask,2015-2015,2,2,44,-,70,-,-,-,9.54,-,-,-,-,2,Scotland
71,AR McBrine,2015-2015,3,3,168,1,145,3,48.33,56.0,5.17,2/63,-,-,-,-,Ireland
72,MJ McClenaghan,2015-2015,1,1,48,-,68,-,-,-,8.50,-,-,-,-,-,New Zealand
73,MW Machan,2015-2015,6,3,78,-,102,1,102.00,78.0,7.84,1/46,-,-,-,1,Scotland
74,CS MacLeod,2015-2015,6,-,0,-,-,-,-,-,-,-,-,-,-,4,Scotland
75,Mahmudullah,2015-2015,6,5,144,1,135,1,135.00,144.0,5.62,1/31,-,-,-,2,Bangladesh
76,SL Malinga,2015-2015,7,7,382,1,354,12,29.50,31.8,5.56,3/35,-,-,-,3,Sri Lanka
77,MR Marsh,2015-2015,3,3,78,-,69,5,13.80,15.6,5.30,5/33,1,-,-,-,Australia
78,H Masakadza,2015-2015,6,6,98,-,101,1,101.00,98.0,6.18,1/39,-,-,-,1,Zimbabwe
79,Mashrafe Mortaza,2015-2015,5,5,282,2,250,7,35.71,40.2,5.31,3/20,-,-,-,1,Bangladesh
80,AD Mathews,2015-2015,7,5,214,1,207,6,34.50,35.6,5.80,3/41,-,-,-,1,Sri Lanka
81,S Matsikenyeri,2015-2015,1,-,0,-,-,-,-,-,-,-,-,-,-,-,Zimbabwe
82,BMAJ Mendis,2015-2015,2,2,30,-,18,2,9.00,15.0,3.60,2/5,-,-,-,3,Sri Lanka
83,NO Miller,2015-2015,1,1,39,-,48,1,48.00,39.0,7.38,1/48,-,-,-,-,West Indies
84,AF Milne,2015-2015,6,6,236,1,199,5,39.80,47.2,5.05,2/56,-,-,-,4,New Zealand
85,SF Mire,2015-2015,5,4,120,-,138,2,69.00,60.0,6.90,2/39,-,-,-,-,Zimbabwe
86,Mirwais Ashraf,2015-2015,2,2,103,3,63,2,31.50,51.5,3.66,2/32,-,-,-,-,Afghanistan
87,Misbah-ul-Haq,2015-2015,7,-,0,-,-,-,-,-,-,-,-,-,-,3,Pakistan
88,Mohammad Irfan,2015-2015,5,5,246,3,186,8,23.25,30.7,4.53,4/30,-,-,-,-,Pakistan
89,Mohammad Nabi,2015-2015,6,6,274,-,261,3,87.00,91.3,5.71,1/38,-,-,-,3,Afghanistan
90,Mohammad Naveed,2015-2015,6,6,302,2,307,8,38.37,37.7,6.09,3/63,-,-,-,1,United Arab Emirates
91,Mohammad Tauqir,2015-2015,6,6,263,-,231,5,46.20,52.6,5.26,2/38,-,-,-,1,United Arab Emirates
92,Mominul Haque,2015-2015,2,-,0,-,-,-,-,-,-,-,-,-,-,-,Bangladesh
93,PL Mommsen,2015-2015,6,-,0,-,-,-,-,-,-,-,-,-,-,4,Scotland
94,JF Mooney,2015-2015,6,6,270,4,285,4,71.25,67.5,6.33,2/58,-,-,-,2,Ireland
95,EJG Morgan,2015-2015,6,-,0,-,-,-,-,-,-,-,-,-,-,5,England
96,T Mupariwa,2015-2015,3,3,168,1,153,1,153.00,168.0,5.46,1/36,-,-,-,1,Zimbabwe
97,Mushfiqur Rahim,2015-2015,6,-,0,-,-,-,-,-,-,-,-,-,1,7,Bangladesh
98,Najibullah Zadran,2015-2015,6,-,0,-,-,-,-,-,-,-,-,-,-,3,Afghanistan
99,Nasir Aziz,2015-2015,2,2,96,-,100,1,100.00,96.0,6.25,1/53,-,-,-,-,United Arab Emirates
100,Nasir Hossain,2015-2015,3,3,114,-,99,4,24.75,28.5,5.21,2/32,-,-,-,2,Bangladesh
101,Nasir Jamal,2015-2015,1,-,0,-,-,-,-,-,-,-,-,-,-,-,Afghanistan
102,Nasir Jamshed,2015-2015,3,-,0,-,-,-,-,-,-,-,-,-,-,1,Pakistan
103,Nawroz Mangal,2015-2015,6,1,6,-,14,1,14.00,6.0,14.00,1/14,-,-,-,3,Afghanistan
104,KJ O'Brien,2015-2015,6,6,299,-,408,6,68.00,49.8,8.18,2/61,-,-,-,3,Ireland
105,NJ O'Brien,2015-2015,6,-,0,-,-,-,-,-,-,-,-,-,-,2,Ireland
106,T Panyangara,2015-2015,6,6,334,4,392,5,78.40,66.8,7.04,2/53,-,-,-,1,Zimbabwe
107,WD Parnell,2015-2015,1,1,54,-,85,1,85.00,54.0,9.44,1/85,-,-,-,-,South Africa
108,SP Patil,2015-2015,6,-,0,-,-,-,-,-,-,-,-,-,-,4,United Arab Emirates
109,MDKJ Perera,2015-2015,2,-,0,-,-,-,-,-,-,-,-,-,-,-,Sri Lanka
110,NLTC Perera,2015-2015,6,6,249,-,280,6,46.66,41.5,6.74,2/87,-,-,-,5,Sri Lanka
111,WTS Porterfield,2015-2015,6,-,0,-,-,-,-,-,-,-,-,-,-,5,Ireland
112,S Prasanna,2015-2015,2,2,108,-,134,1,134.00,108.0,7.44,1/77,-,-,-,1,Sri Lanka
113,Rahat Ali,2015-2015,5,5,264,1,192,7,27.42,37.7,4.36,3/40,-,-,-,1,Pakistan
114,D Ramdin,2015-2015,7,-,0,-,-,-,-,-,-,-,-,-,-,13,West Indies
115,KAJ Roach,2015-2015,3,3,132,1,150,1,150.00,132.0,6.81,1/44,-,-,-,-,West Indies
116,Rohan Mustafa,2015-2015,4,3,72,-,76,-,-,-,6.33,-,-,-,-,3,United Arab Emirates
117,JE Root,2015-2015,6,4,54,-,56,1,56.00,54.0,6.22,1/27,-,-,-,7,England
118,Rubel Hossain,2015-2015,6,6,303,1,298,8,37.25,37.8,5.90,4/53,-,-,-,2,Bangladesh
119,AD Russell,2015-2015,7,7,324,5,343,11,31.18,29.4,6.35,3/33,-,-,-,2,West Indies
120,Sabbir Rahman,2015-2015,6,5,96,-,104,1,104.00,96.0,6.50,1/47,-,-,-,3,Bangladesh
121,Samiullah Shinwari,2015-2015,6,5,103,-,102,-,-,-,5.94,-,-,-,-,2,Afghanistan
122,DJG Sammy,2015-2015,7,6,168,-,172,1,172.00,168.0,6.14,1/47,-,-,-,1,West Indies
123,MN Samuels,2015-2015,7,6,211,4,177,3,59.00,70.3,5.03,1/25,-,-,-,2,West Indies
124,KC Sangakkara,2015-2015,7,-,0,-,-,-,-,-,-,-,-,-,3,5,Sri Lanka
125,Saqlain Haider,2015-2015,1,-,0,-,-,-,-,-,-,-,-,-,-,1,United Arab Emirates
126,Sarfaraz Ahmed,2015-2015,3,-,0,-,-,-,-,-,-,-,-,-,-,6,Pakistan
127,SMSM Senanayake,2015-2015,1,1,54,-,59,-,-,-,6.55,-,-,-,-,-,Sri Lanka
128,Shafiqullah,2015-2015,1,-,0,-,-,-,-,-,-,-,-,-,-,-,Afghanistan
129,Shahid Afridi,2015-2015,7,7,342,2,282,2,141.00,171.0,4.94,2/35,-,-,-,3,Pakistan
130,Shaiman Anwar,2015-2015,6,1,4,-,4,-,-,-,6.00,-,-,-,-,1,United Arab Emirates
131,Shapoor Zadran,2015-2015,6,6,306,5,265,10,26.50,30.6,5.19,4/38,-,-,-,-,Afghanistan
132,Shakib Al Hasan,2015-2015,6,6,346,1,298,8,37.25,43.2,5.16,4/55,-,-,-,2,Bangladesh
133,Sikandar Raza,2015-2015,6,6,240,1,197,2,98.50,120.0,4.92,1/34,-,-,-,2,Zimbabwe
134,LMP Simmons,2015-2015,7,1,6,-,12,-,-,-,12.00,-,-,-,-,2,West Indies
135,DR Smith,2015-2015,6,2,42,-,27,1,27.00,42.0,3.85,1/22,-,-,-,3,West Indies
136,Sohaib Maqsood,2015-2015,7,2,36,-,24,1,24.00,36.0,4.00,1/16,-,-,-,2,Pakistan
137,Sohail Khan,2015-2015,7,7,371,3,364,12,30.33,30.9,5.88,5/55,1,-,-,2,Pakistan
138,MC Sorensen,2015-2015,3,3,144,-,200,3,66.66,48.0,8.33,2/60,-,-,-,1,Ireland
139,Soumya Sarkar,2015-2015,6,2,42,-,32,-,-,-,4.57,-,-,-,-,6,Bangladesh
140,PR Stirling,2015-2015,6,6,205,-,195,2,97.50,102.5,5.70,2/27,-,-,-,2,Ireland
141,Taijul Islam,2015-2015,1,1,60,-,58,-,-,-,5.80,-,-,-,-,-,Bangladesh
142,Tamim Iqbal,2015-2015,6,-,0,-,-,-,-,-,-,-,-,-,-,1,Bangladesh
143,Taskin Ahmed,2015-2015,6,6,306,1,325,9,36.11,34.0,6.37,3/43,-,-,-,2,Bangladesh
144,BRM Taylor,2015-2015,6,-,0,-,-,-,-,-,-,-,-,-,-,4,Zimbabwe
145,JE Taylor,2015-2015,7,7,345,2,328,17,19.29,20.2,5.70,3/15,-,-,-,1,West Indies
146,RML Taylor,2015-2015,3,3,114,-,102,2,51.00,57.0,5.36,1/29,-,-,-,1,Scotland
147,JWA Taylor,2015-2015,6,-,0,-,-,-,-,-,-,-,-,-,-,-,England
148,WU Tharanga,2015-2015,1,-,0,-,-,-,-,-,-,-,-,-,-,-,Sri Lanka
149,HDRL Thirimanne,2015-2015,7,-,0,-,-,-,-,-,-,-,-,-,-,4,Sri Lanka
150,SR Thompson,2015-2015,2,2,96,-,104,3,34.66,32.0,6.50,2/45,-,-,-,-,Ireland
151,JC Tredwell,2015-2015,1,1,42,-,25,1,25.00,42.0,3.57,1/25,-,-,-,1,England
152,Umar Akmal,2015-2015,7,-,0,-,-,-,-,-,-,-,-,-,-,12,Pakistan
153,Usman Ghani,2015-2015,2,-,0,-,-,-,-,-,-,-,-,-,-,-,Afghanistan
154,Wahab Riaz,2015-2015,7,7,397,4,368,16,23.00,24.8,5.56,4/45,-,-,-,4,Pakistan
155,I Wardlaw,2015-2015,5,5,261,1,310,6,51.66,43.5,7.12,3/57,-,-,-,1,Scotland
156,SC Williams,2015-2015,6,6,270,1,286,7,40.85,38.5,6.35,3/72,-,-,-,4,Zimbabwe
157,GC Wilson,2015-2015,6,-,0,-,-,-,-,-,-,-,-,-,-,4,Ireland
158,CR Woakes,2015-2015,5,5,226,1,234,5,46.80,45.2,6.21,2/8,-,-,-,1,England
159,Yasir Shah,2015-2015,1,1,48,-,60,-,-,-,7.50,-,-,-,-,-,Pakistan
160,Younis Khan,2015-2015,3,-,0,-,-,-,-,-,-,-,-,-,-,1,Pakistan
161,HM Amla,2015-2015,8,-,0,-,-,-,-,-,-,-,-,-,-,6,South Africa
162,CJ Anderson,2015-2015,9,9,217,1,234,14,16.71,15.5,6.47,3/18,-,-,-,3,New Zealand
163,R Ashwin,2015-2015,8,8,462,6,330,13,25.38,35.5,4.28,4/25,-,-,-,3,India
164,TA Boult,2015-2015,9,9,510,14,371,22,16.86,23.1,4.36,5/27,1,-,-,1,New Zealand
165,MJ Clarke,2015-2015,7,1,30,-,14,1,14.00,30.0,2.80,1/14,-,-,-,5,Australia
166,Q de Kock,2015-2015,8,-,0,-,-,-,-,-,-,-,-,-,1,9,South Africa
167,AB de Villiers,2015-2015,8,4,84,-,86,4,21.50,21.0,6.14,2/15,-,-,-,6,South Africa
168,S Dhawan,2015-2015,8,-,0,-,-,-,-,-,-,-,-,-,-,7,India
169,MS Dhoni,2015-2015,8,-,0,-,-,-,-,-,-,-,-,-,-,15,India
170,JP Duminy,2015-2015,6,6,210,2,202,6,33.66,35.0,5.77,3/29,-,-,-,3,South Africa
171,F du Plessis,2015-2015,7,2,42,-,47,-,-,-,6.71,-,-,-,-,6,South Africa
172,GD Elliott,2015-2015,9,5,48,-,68,2,34.00,24.0,8.50,2/27,-,-,-,3,New Zealand
173,JP Faulkner,2015-2015,6,6,251,2,197,10,19.70,25.1,4.70,3/36,-,-,-,2,Australia
174,AJ Finch,2015-2015,8,-,0,-,-,-,-,-,-,-,-,-,-,6,Australia
175,MJ Guptill,2015-2015,9,-,0,-,-,-,-,-,-,-,-,-,-,4,New Zealand
176,BJ Haddin,2015-2015,8,-,0,-,-,-,-,-,-,-,-,-,-,16,Australia
177,JR Hazlewood,2015-2015,5,5,257,5,176,7,25.14,36.7,4.10,4/35,-,-,-,-,Australia
178,MJ Henry,2015-2015,2,2,103,2,86,2,43.00,51.5,5.00,2/46,-,-,-,-,New Zealand
179,Imran Tahir,2015-2015,8,8,458,5,323,15,21.53,30.5,4.23,5/45,1,-,-,2,South Africa
180,RA Jadeja,2015-2015,8,8,400,-,357,9,39.66,44.4,5.35,2/23,-,-,-,1,India
181,MG Johnson,2015-2015,8,8,381,2,326,15,21.73,25.4,5.13,4/22,-,-,-,4,Australia
182,V Kohli,2015-2015,8,1,6,-,7,-,-,-,7.00,-,-,-,-,5,India
183,BB McCullum,2015-2015,9,-,0,-,-,-,-,-,-,-,-,-,-,2,New Zealand
184,GJ Maxwell,2015-2015,8,8,228,1,218,6,36.33,38.0,5.73,2/43,-,-,-,1,Australia
185,DA Miller,2015-2015,8,-,0,-,-,-,-,-,-,-,-,-,-,3,South Africa
186,Mohammed Shami,2015-2015,7,7,366,7,294,17,17.29,21.5,4.81,4/35,-,-,-,5,India
187,M Morkel,2015-2015,8,8,409,4,299,17,17.58,24.0,4.38,3/34,-,-,-,2,South Africa
188,VD Philander,2015-2015,4,4,171,2,135,4,33.75,42.7,4.73,2/30,-,-,-,1,South Africa
189,AM Rahane,2015-2015,8,-,0,-,-,-,-,-,-,-,-,-,-,5,India
190,SK Raina,2015-2015,8,4,90,1,64,1,64.00,90.0,4.26,1/40,-,-,-,6,India
191,L Ronchi,2015-2015,9,-,0,-,-,-,-,-,-,-,-,-,1,12,New Zealand
192,RR Rossouw,2015-2015,6,1,12,-,13,-,-,-,6.50,-,-,-,-,9,South Africa
193,MM Sharma,2015-2015,8,8,378,4,314,13,24.15,29.0,4.98,3/48,-,-,-,2,India
194,RG Sharma,2015-2015,8,1,18,-,21,-,-,-,7.00,-,-,-,-,3,India
195,SPD Smith,2015-2015,8,1,12,-,19,-,-,-,9.50,-,-,-,-,4,Australia
196,TG Southee,2015-2015,9,9,486,7,472,15,31.46,32.4,5.82,7/33,1,-,-,2,New Zealand
197,MA Starc,2015-2015,8,8,383,3,224,22,10.18,17.4,3.50,6/28,1,-,-,5,Australia
198,DW Steyn,2015-2015,8,8,413,7,346,11,31.45,37.5,5.02,3/30,-,-,-,3,South Africa
199,LRPL Taylor,2015-2015,9,-,0,-,-,-,-,-,-,-,-,-,-,5,New Zealand
200,DL Vettori,2015-2015,9,9,455,5,307,15,20.46,30.3,4.04,4/18,-,-,-,6,New Zealand
201,DA Warner,2015-2015,8,-,0,-,-,-,-,-,-,-,-,-,-,5,Australia
202,SR Watson,2015-2015,7,6,156,-,171,2,85.50,78.0,6.57,1/18,-,-,-,1,Australia
203,KS Williamson,2015-2015,9,2,12,-,12,-,-,-,6.00,-,-,-,-,3,New Zealand
204,UT Yadav,2015-2015,8,8,386,5,321,18,17.83,21.4,4.98,4/31,-,-,-,8,India
